{"stats":{"minecraft:dropped":{"minecraft:sign":4,"minecraft:bread":665,"minecraft:red_concrete":3,"minecraft:stone_button":1,"minecraft:repeater":15,"minecraft:lime_concrete":2,"minecraft:sticky_piston":1,"minecraft:orange_concrete":1,"minecraft:acacia_sapling":64,"minecraft:redstone_torch":86,"minecraft:purple_concrete":1,"minecraft:sandstone":4,"minecraft:iron_ore":64,"minecraft:cyan_concrete":4,"minecraft:command_block":1,"minecraft:redstone":160},"minecraft:picked_up":{"minecraft:sandstone":1,"minecraft:repeater":123,"minecraft:cooked_porkchop":128,"minecraft:stone_slab":1,"minecraft:lime_concrete":106,"minecraft:acacia_button":240,"minecraft:redstone":922,"minecraft:orange_concrete":21,"minecraft:sign":6,"minecraft:command_block":1,"minecraft:lever":32,"minecraft:redstone_torch":389,"minecraft:bread":80,"minecraft:cyan_concrete":4,"minecraft:red_concrete":74,"minecraft:purple_concrete":1},"minecraft:custom":{"minecraft:time_since_rest":6898670,"minecraft:sprint_one_cm":5398019,"minecraft:damage_taken":970,"minecraft:walk_one_cm":2784925,"minecraft:drop":422,"minecraft:damage_dealt":20,"minecraft:fly_one_cm":76069155,"minecraft:play_one_minute":10084518,"minecraft:crouch_one_cm":111824,"minecraft:deaths":4,"minecraft:sneak_time":98725,"minecraft:walk_under_water_one_cm":4697,"minecraft:jump":71379,"minecraft:leave_game":49,"minecraft:walk_on_water_one_cm":11,"minecraft:time_since_death":6898635,"minecraft:sleep_in_bed":8,"minecraft:fall_one_cm":11641},"minecraft:mined":{"minecraft:light_blue_stained_glass":1},"minecraft:used":{"minecraft:redstone_torch":3451,"minecraft:purple_stained_glass":72,"minecraft:sticky_piston":51,"minecraft:piston":1,"minecraft:green_concrete":404,"minecraft:lever":34,"minecraft:command_block":8,"minecraft:quartz_slab":31,"minecraft:red_wool":2,"minecraft:orange_concrete":6914,"minecraft:light_gray_concrete":1846,"minecraft:red_concrete":783,"minecraft:redstone":17343,"minecraft:stone_button":32,"minecraft:sign":201,"minecraft:magenta_concrete":692,"minecraft:cyan_concrete":2657,"minecraft:stone_slab":11,"minecraft:sandstone":705,"minecraft:smooth_quartz":137,"minecraft:pink_concrete":95,"minecraft:repeater":3103,"minecraft:orange_stained_glass":193,"minecraft:purple_concrete":6958,"minecraft:redstone_lamp":71,"minecraft:lime_concrete":6742,"minecraft:black_stained_glass":1444,"minecraft:light_blue_concrete":609,"minecraft:yellow_concrete":1815,"minecraft:white_concrete":140,"minecraft:orange_terracotta":3,"minecraft:gray_stained_glass":62}},"DataVersion":1628}