{"stats":{"minecraft:dropped":{"minecraft:sign":1,"minecraft:bread":269,"minecraft:cooked_porkchop":128,"minecraft:orange_concrete":4,"minecraft:lapis_ore":2,"minecraft:quartz_slab":1,"minecraft:redstone":5},"minecraft:picked_up":{"minecraft:sandstone":3,"minecraft:repeater":39,"minecraft:lime_concrete":1,"minecraft:redstone":547,"minecraft:orange_concrete":4,"minecraft:quartz_slab":1,"minecraft:sign":16,"minecraft:lever":27,"minecraft:comparator":1,"minecraft:redstone_torch":166,"minecraft:bread":374,"minecraft:red_concrete":1,"minecraft:cyan_concrete":1,"minecraft:lapis_ore":2},"minecraft:custom":{"minecraft:time_since_rest":1470246,"minecraft:sprint_one_cm":607210,"minecraft:damage_taken":360,"minecraft:walk_one_cm":1836832,"minecraft:drop":283,"minecraft:damage_dealt":20,"minecraft:fly_one_cm":21460474,"minecraft:crouch_one_cm":106331,"minecraft:play_one_minute":3723623,"minecraft:deaths":3,"minecraft:sneak_time":247364,"minecraft:walk_under_water_one_cm":5184,"minecraft:jump":8484,"minecraft:leave_game":35,"minecraft:walk_on_water_one_cm":145,"minecraft:time_since_death":1470212,"minecraft:sleep_in_bed":2,"minecraft:fall_one_cm":4297},"minecraft:used":{"minecraft:redstone_torch":1811,"minecraft:sticky_piston":48,"minecraft:green_concrete":104,"minecraft:water_bucket":17,"minecraft:lever":302,"minecraft:black_concrete":1999,"minecraft:command_block":1,"minecraft:quartz_slab":812,"minecraft:orange_concrete":915,"minecraft:red_wool":1,"minecraft:light_gray_concrete":621,"minecraft:red_concrete":126,"minecraft:redstone":13448,"minecraft:oak_button":3,"minecraft:stone_button":2,"minecraft:sign":210,"minecraft:magenta_concrete":1244,"minecraft:cyan_concrete":989,"minecraft:stone_slab":53,"minecraft:sandstone":667,"minecraft:pink_concrete":1405,"minecraft:white_wool":66,"minecraft:purple_concrete":207,"minecraft:glowstone":10,"minecraft:repeater":1853,"minecraft:redstone_lamp":407,"minecraft:lime_concrete":5487,"minecraft:comparator":7,"minecraft:black_stained_glass":2,"minecraft:light_blue_concrete":3949,"minecraft:yellow_concrete":1630,"minecraft:white_concrete":531,"minecraft:observer":3,"minecraft:orange_terracotta":1,"minecraft:light_blue_stained_glass":145}},"DataVersion":1628}