{"stats":{"minecraft:dropped":{"minecraft:gold_ore":1,"minecraft:magenta_concrete":1,"minecraft:smooth_quartz":2,"minecraft:stripped_oak_wood":2},"minecraft:picked_up":{"minecraft:stripped_oak_wood":1,"minecraft:smooth_quartz":1},"minecraft:custom":{"minecraft:jump":25,"minecraft:time_since_rest":6834,"minecraft:crouch_one_cm":278,"minecraft:play_one_minute":6834,"minecraft:leave_game":1,"minecraft:sprint_one_cm":1417,"minecraft:time_since_death":6834,"minecraft:walk_one_cm":5311,"minecraft:sneak_time":310,"minecraft:drop":6,"minecraft:fly_one_cm":165591},"minecraft:used":{"minecraft:magenta_concrete":33,"minecraft:smooth_quartz":63}},"DataVersion":1628}